{"cameraMode":{"drawMode":0,"name":"Shaded","section":"Shading Mode"},"sceneLighting":false,"audioPlay":false,"sceneViewState":{"showFog":true,"showMaterialUpdate":true,"showSkybox":true,"showFlares":true,"showImageEffects":true,"showParticleSystems":true},"in2DMode":false,"pivot":{"x":102.69024658203125,"y":48.81103515625,"z":182.33499145507813},"rotation":{"x":0.17080019414424897,"y":-0.33947664499282839,"z":0.06283104419708252,"w":0.9228408336639404},"size":997.3223266601563,"orthographic":false}